"Category Products Index",1472321852,1472321863
"Stock Index",1472321864,1472321872
"Product Prices Index",1472321873,1472321968
"Layered Navigation Index",1472321969,1472322145
"Product Flat Index",1472322146,1472322180
"Category Products Index",1472322239,1472322251
"Stock Index",1472322252,1472322258
"Product Prices Index",1472322259,1472322308
"Layered Navigation Index",1472322309,1472322374
"Product Flat Index",1472322375,1472322413
"Category Products Index",1472322472,1472322482
"Stock Index",1472322483,1472322487
